{"has_child":1,"home_url":"http:\/\/localhost","root_flag":"custom","php_version":"7.4.3-4ubuntu2.19","mysql_version":"8.0.34","wp_version":"6.2","child_file":{"localhost_wpvivid-64f8ae057d8ba_2023-09-06-16-51_backup_db.zip":{"files":["localhost_wpvivid-64f8ae057d8ba_2023-09-06-16-51_backup_db.sql"],"tables":[{"name":"wp_ahm_asset_links","size":16384,"rows":"0"},{"name":"wp_ahm_assets","size":16384,"rows":"0"},{"name":"wp_ahm_download_stats","size":16384,"rows":"0"},{"name":"wp_ahm_emails","size":16384,"rows":"0"},{"name":"wp_ahm_sessions","size":16384,"rows":"0"},{"name":"wp_ahm_social_conns","size":16384,"rows":"0"},{"name":"wp_ahm_user_download_counts","size":16384,"rows":"0"},{"name":"wp_term_relationships","size":32768,"rows":"15"},{"name":"wp_links","size":32768,"rows":"0"},{"name":"wp_commentmeta","size":49152,"rows":"0"},{"name":"wp_term_taxonomy","size":49152,"rows":"7"},{"name":"wp_termmeta","size":49152,"rows":"0"},{"name":"wp_terms","size":49152,"rows":"7"},{"name":"wp_usermeta","size":49152,"rows":"27"},{"name":"wp_users","size":65536,"rows":"1"},{"name":"wp_comments","size":98304,"rows":"0"},{"name":"wp_postmeta","size":245760,"rows":"417"},{"name":"wp_posts","size":1343488,"rows":"125"},{"name":"wp_options","size":3211264,"rows":"215"}],"dump_db":1,"file_type":"databases","home_url":"http:\/\/localhost","root_flag":"custom","php_version":"7.4.3-4ubuntu2.19","mysql_version":"8.0.34","wp_version":"6.2","find_zero_date":1,"file":"localhost_wpvivid-64f8ae057d8ba_2023-09-06-16-51_backup_db.part001.zip"},"localhost_wpvivid-64f8ae057d8ba_2023-09-06-16-51_backup_themes.zip":{"file_type":"themes","root_flag":"wp-content","php_version":"7.4.3-4ubuntu2.19","mysql_version":"8.0.34","wp_version":"6.2","themes":{"Divi":{"slug":"Divi"},"divi-child":{"slug":"divi-child"}},"file":"localhost_wpvivid-64f8ae057d8ba_2023-09-06-16-51_backup_themes.part001.zip"},"localhost_wpvivid-64f8ae057d8ba_2023-09-06-16-51_backup_plugin.zip":{"file_type":"plugin","root_flag":"wp-content","php_version":"7.4.3-4ubuntu2.19","mysql_version":"8.0.34","wp_version":"6.2","plugin":{"akismet":{"slug":"akismet"},"contact-form-7":{"slug":"contact-form-7"}},"file":"localhost_wpvivid-64f8ae057d8ba_2023-09-06-16-51_backup_plugin.part001.zip"},"localhost_wpvivid-64f8ae057d8ba_2023-09-06-16-51_backup_uploads.zip":{"file_type":"upload","root_flag":"wp-content","php_version":"7.4.3-4ubuntu2.19","mysql_version":"8.0.34","wp_version":"6.2","file":"localhost_wpvivid-64f8ae057d8ba_2023-09-06-16-51_backup_uploads.part001.zip"},"localhost_wpvivid-64f8ae057d8ba_2023-09-06-16-51_backup_content.zip":{"file_type":"wp-content","root_flag":"wp-content","php_version":"7.4.3-4ubuntu2.19","mysql_version":"8.0.34","wp_version":"6.2","file":"localhost_wpvivid-64f8ae057d8ba_2023-09-06-16-51_backup_content.part001.zip"},"localhost_wpvivid-64f8ae057d8ba_2023-09-06-16-51_backup_core.zip":{"file_type":"wp-core","include_path":["wp-includes","wp-admin"],"wp_core":1,"root_flag":"root","home_url":"http:\/\/localhost","file":"localhost_wpvivid-64f8ae057d8ba_2023-09-06-16-51_backup_core.part001.zip"}},"file":"localhost_wpvivid-64f8ae057d8ba_2023-09-06-16-51_backup_all.part001.zip"}